dia,x_AU,y_AU
0.0,1.3826518283060225,-0.0025217679086700904
2.759,1.3807916091666856,0.044062246186224084
5.518,1.380593373659024,0.08866128330814196
8.277,1.3793959711099866,0.12860025940570083
11.036,1.3717587951828434,0.1655069524573237
13.795,1.3664657909791023,0.20944385869428894
16.554,1.3636349887662969,0.25463354460807847
19.313,1.3543964812951905,0.292157309208865
22.072,1.3431585129733141,0.3356838453854816
24.831,1.3352786996774892,0.377285153015855
27.59,1.322233790380055,0.41450374599187667
30.349,1.3100789698837967,0.45650873120557256
33.108,1.2982398854279082,0.49003081785682856
35.867,1.2795847416961992,0.5339330654107767
38.627,1.2645417791023763,0.574496255058578
41.386,1.250388530550381,0.6110452479585176
44.145,1.2319673290353796,0.6548344462811194
46.904,1.2160779549560248,0.6861977922569147
49.663,1.194085585805761,0.7250971112584622
52.422,1.1725449184171632,0.7625603209935393
55.181,1.1568052974794714,0.8008782193527046
57.94,1.1309851755640212,0.8301695193741645
60.699,1.1082152029582255,0.86973631508062
63.458,1.0809779147765444,0.9010977181399782
66.217,1.0576135878683401,0.9320562993027639
68.976,1.0329512798686267,0.9671376169413824
71.735,1.0036317148656642,0.998035843749844
74.494,0.9790921380718383,1.0270709936311944
77.253,0.9487753590515666,1.058234275986162
80.012,0.9202845296926597,1.0863179754418475
82.771,0.8898381091104374,1.1154623966415413
85.53,0.8642293085961235,1.1438423529974673
88.289,0.8293182321392432,1.172092967539797
91.048,0.7954154204301983,1.191953398669216
93.807,0.7667548218580661,1.2232945818824477
96.566,0.7296685367527989,1.2388023408345759
99.325,0.698978530025779,1.2651475723247267
102.084,0.660570730777057,1.2884281108043176
104.843,0.6272703404053798,1.308659548587763
107.602,0.5952931792162819,1.3267350076919282
110.361,0.5609139776261775,1.3464756953499533
113.12,0.5239109311861095,1.3638390248711671
115.88,0.48709027621212814,1.38059470973465
118.639,0.4501235534568086,1.399431046330142
121.398,0.41085218430662074,1.4134098067396759
124.157,0.3751606162369908,1.4252758188027967
126.916,0.3382058760687384,1.4414258650702696
129.675,0.30353199278589377,1.452203512505968
132.434,0.2641870848972756,1.4641729616239525
135.193,0.2218748972646148,1.473760528557386
137.952,0.18779657212922862,1.479793415753862
140.711,0.1479989566647678,1.488278408877978
143.47,0.10893598493552663,1.497839798263768
146.229,0.07296027084797432,1.5035140056074836
148.988,0.03519845466366712,1.50720434178833
151.747,-0.003623270984610195,1.5114423689447518
154.506,-0.045783000961535245,1.5167377959722887
157.265,-0.08331316005415272,1.5149923604782738
160.024,-0.1205691731832315,1.5182867100664752
162.783,-0.15774011395147586,1.516835373603188
165.542,-0.19900773228999327,1.515888674221099
168.301,-0.23665409244106417,1.5166502302759726
171.06,-0.2765809880634884,1.513284344982324
173.819,-0.3146757819233441,1.5095018822390367
176.578,-0.34838064557103676,1.5057964716908563
179.337,-0.3848010159957599,1.4976167059936172
182.096,-0.42492940246216065,1.4924159829493744
184.855,-0.45979333441651427,1.483007188462451
187.614,-0.4978147520347177,1.4759604304794367
190.373,-0.5362683984205616,1.4658557583343061
193.133,-0.5703783504681007,1.456244752636146
195.892,-0.6038116685039686,1.446318101703314
198.651,-0.642390812219839,1.4317225515286192
201.41,-0.6742477427272142,1.4249413297697293
204.169,-0.7172829048208452,1.4053209149488564
206.928,-0.7446570011303371,1.3906725561674742
209.687,-0.7799580299392569,1.3803897530640195
212.446,-0.814118727620442,1.3638473485588858
215.205,-0.8462668182093822,1.346934169983917
217.964,-0.8828803294039528,1.329609694526743
220.723,-0.9113092160183173,1.3102547170372834
223.482,-0.9416151742445766,1.2896842165364208
226.241,-0.9703134129024962,1.2721175251302228
229.0,-1.0047116522915873,1.250401011881433
231.759,-1.0351503571078926,1.2328119490679257
234.518,-1.0638341264555455,1.2090058147819776
237.277,-1.0897230676424126,1.1854340462548842
240.036,-1.119033070217105,1.1635894627010197
242.795,-1.1482880457656113,1.1415827025827159
245.554,-1.1731293902739304,1.115546865659399
248.313,-1.200267190206437,1.0903557986917602
251.072,-1.2241964442422502,1.0672376822752387
253.831,-1.2525665171188491,1.0414302542118297
256.59,-1.276192385251251,1.0135722944693542
259.349,-1.3000319484818477,0.9867618063139737
262.108,-1.3252118605749337,0.9607736111849842
264.867,-1.3440468761578344,0.9295230635969133
267.627,-1.3657795901059537,0.9012343615413838
270.386,-1.387253812130098,0.8737791083629256
273.145,-1.407987104999994,0.8455088431260362
275.904,-1.4298862545373612,0.8168467704293223
278.663,-1.446710548761484,0.7890508651575905
281.422,-1.464637398230049,0.7572932051253104
284.181,-1.482901331760408,0.7243548838502437
286.94,-1.4982197087853104,0.693369397853087
289.699,-1.5129387240302425,0.6597875305210784
292.458,-1.5250675644777183,0.6298099464575647
295.217,-1.5428217219977929,0.5970100348057555
297.976,-1.5562192694687509,0.5656759694111396
300.735,-1.5696743355085396,0.5305388873068441
303.494,-1.5853769762447627,0.5001313599534094
306.253,-1.592825008210004,0.46881085329508454
309.012,-1.6030985645133424,0.4319508680745455
311.771,-1.6079503236398058,0.3991820640125245
314.53,-1.6221265890499719,0.3657733743203343
317.289,-1.6292079412029907,0.32942625641002504
320.048,-1.6371508644498578,0.2963506458164115
322.807,-1.6458878569547195,0.2614565626748067
325.566,-1.6469302793501013,0.22702781378697592
328.325,-1.6525718455269396,0.19057671614758728
331.084,-1.656546083270482,0.15736825331491006
333.843,-1.6631905801380666,0.12343499016847842
336.602,-1.660999956967421,0.09040135112671784
339.361,-1.6682322157981475,0.054435036631582924
342.12,-1.6650664258467218,0.021814706079925358
344.88,-1.6618592287827023,-0.0190430362906773
347.639,-1.6674095863228242,-0.05077185370597079
350.398,-1.664938141048499,-0.08713237989965068
353.157,-1.661172502498302,-0.11805938771955114
355.916,-1.6591350984728004,-0.15893582953710209
358.675,-1.6571770384544449,-0.19380217939966074
361.434,-1.6490787990295193,-0.22803124688076729
364.193,-1.6456751083069325,-0.2656791693218623
366.952,-1.636134256049177,-0.2969539708961525
369.711,-1.6316498843561251,-0.33174696267690507
372.47,-1.6186419983103746,-0.3640922987639593
375.229,-1.6144433144494488,-0.397695128616772
377.988,-1.6038631479656364,-0.4284160466930272
380.747,-1.5911449460243663,-0.4638445277927077
383.506,-1.5840011624470327,-0.5002464742362515
386.265,-1.5690705238077989,-0.5339901785366451
389.024,-1.5541200847416314,-0.5640466939474501
391.783,-1.546385844092579,-0.6002278184976367
394.542,-1.5284706685630747,-0.6261840551978411
397.301,-1.513227060155375,-0.6594337090089111
400.06,-1.4963334916184237,-0.6943457815731021
402.819,-1.4837706786437204,-0.7281010299683532
405.578,-1.4665928824231638,-0.7528701411305758
408.337,-1.4448253749847193,-0.7863292324141969
411.096,-1.4264615437067938,-0.8137493226741798
413.855,-1.4070169450325518,-0.8491245927470489
416.614,-1.3865711426243894,-0.8764147468513371
419.373,-1.3676617500934711,-0.9040388016906998
422.133,-1.3441746093176412,-0.9323252710923786
424.892,-1.3216986857320718,-0.9612096422532275
427.651,-1.3006764350116367,-0.9864581830605146
430.41,-1.271805511935766,-1.0167214216788614
433.169,-1.2502147450892702,-1.0412250800396554
435.928,-1.2285163412177218,-1.0665097165888304
438.687,-1.1991482380878657,-1.0909713618147754
441.446,-1.176105288480611,-1.1152510850088297
444.205,-1.145654356150592,-1.1430061238578404
446.964,-1.1173733812784097,-1.1673004627257966
449.723,-1.0931952365145194,-1.1845296870046726
452.482,-1.0609038601098877,-1.2086353015210223
455.241,-1.0327078080482337,-1.2323586826742032
458.0,-1.0020309915350523,-1.2486530313534112
460.759,-0.9694756150266706,-1.2717345667452502
463.518,-0.9428201756196068,-1.289120130911264
466.277,-0.9123773445713559,-1.310144173620158
469.036,-0.8806842204340016,-1.3242315076584508
471.795,-0.8480819603323844,-1.3421752486649263
474.554,-0.8136749163383377,-1.3627619514679188
477.313,-0.7794498201261002,-1.3761303894151105
480.072,-0.7457474245404279,-1.3918101814938795
482.831,-0.7103890481145934,-1.4045956865967912
485.59,-0.6773510262550864,-1.4226864021395185
488.349,-0.6394120919873039,-1.4319868899750894
491.108,-0.6074170553033765,-1.443010938678741
493.867,-0.5656608033459395,-1.4595682396790064
496.627,-0.5337268242158217,-1.4684825614683727
499.386,-0.500252339197645,-1.4793905621299803
502.145,-0.46394218520842156,-1.4841665356445266
504.904,-0.42382043738851366,-1.4896169924951925
507.663,-0.38796042162355227,-1.49456998420616
510.422,-0.34857769622764173,-1.503037324515708
513.181,-0.3113368934260374,-1.5046176318758928
515.94,-0.2745139759407912,-1.5143937152007776
518.699,-0.23797636192387409,-1.5178594414507085
521.458,-0.2010790782636738,-1.5164351320253466
524.217,-0.16058423410985498,-1.5164716280101773
526.976,-0.11951890245739173,-1.5172579048003232
529.735,-0.08226654781418925,-1.520310387456025
532.494,-0.0465960434725143,-1.5143607062597375
535.253,-0.005139469371141603,-1.513816653179144
538.012,0.03390709037813254,-1.5059067998785984
540.771,0.06996920339788998,-1.501560068584423
543.53,0.11059727914802889,-1.498224970626176
546.289,0.14888553866249307,-1.4904265047930452
549.048,0.1848624635947774,-1.4835698328194842
551.807,0.22611655229603547,-1.4726266290680856
554.566,0.26462141737087547,-1.4606369527452723
557.325,0.30358385081980677,-1.4535603655568856
560.084,0.341234757714729,-1.438618572288367
562.843,0.3738449659178664,-1.4277221532300628
565.602,0.41193357820752535,-1.4142815214322706
568.361,0.45175583138240566,-1.3979459028560086
571.12,0.4883491446787287,-1.3838439238933773
573.88,0.5245982899963411,-1.3659323253511797
576.639,0.5671425074474964,-1.3492876956358453
579.398,0.5960412377659308,-1.3240509564657363
582.157,0.6321978437835384,-1.3080270377483494
584.916,0.666398074551804,-1.288650927407333
587.675,0.6998635853383817,-1.265023182693329
590.434,0.7314796855634594,-1.2429311725330032
593.193,0.7666276704748456,-1.2194704543322021
595.952,0.7959851918590342,-1.1932006962667834
598.711,0.828871589375238,-1.1674059184874126
601.47,0.8595540251314474,-1.143579093943646
604.229,0.8912052706136689,-1.1163869984323282
606.988,0.9254972343255923,-1.0876387060298753
609.747,0.946242106046221,-1.062698514145653
612.506,0.9797132624158964,-1.0313018095099085
615.265,1.0027082702781283,-0.9949039758238095
618.024,1.031785570957628,-0.9629234745658533
620.783,1.0608802545113245,-0.9345173886839734
623.542,1.0839559711871618,-0.8999241380918275
626.301,1.1059246569929908,-0.8667874872672234
629.06,1.1300061207464742,-0.8268834820596132
631.819,1.1552331954394974,-0.7957565229517034
634.578,1.1739087925564002,-0.7625546750219276
637.337,1.1963345511359675,-0.7278882811130573
640.096,1.2155406039706422,-0.6922709676533508
642.855,1.2326897905808376,-0.65116269640152
645.614,1.2558009937875132,-0.6150535158130167
648.373,1.2692594528120384,-0.5778458987805598
651.133,1.2793610170121998,-0.5372749864619294
653.892,1.2981288695143145,-0.49867644854419657
656.651,1.309686856461401,-0.4532534986475497
659.41,1.3248654924352725,-0.4145943274211334
662.169,1.3326085381134518,-0.3757518301916299
664.928,1.3438679888622507,-0.3318363182514072
667.687,1.3538715863948454,-0.2934179115248091
670.446,1.3622080735236222,-0.2538222907123622
673.205,1.364533472078889,-0.20736607868548249
675.964,1.3715580994606078,-0.1674678723018643
678.723,1.3754000207748485,-0.12860982119325143
681.482,1.3779913381176752,-0.08479764827028509
684.241,1.38459904624959,-0.04397775879888563
687.0,1.382468363421922,-0.0027655994619290437
